0.0,0.05,0.05,0.06,0.06,0.07,0.05,0.06,0.06,0.05,0.06,0.05,0.03,0.03,0.03,0.03,0.02,0.03,0.03,0.03,0.1,0.1,0.08,0.08,0.07,0.07,0.06,0.06,0.06,0.05,0.05,0.03,0.03,0.03,0.03,0.03,0.03,0.03,0.02,0.02,0.05,0.05,0.05,0.06,0.05,0.04,0.05,0.06,0.04,0.05,0.04,0.04,0.05,0.02,0.02,0.03,0.02,0.03,0.02,0.03,0.02,0.04,0.06,0.07,0.05,0.08,0.06,0.08,0.05,0.06,0.02,0.02,0.04,0.02,0.05,0.06,0.02,0.02,0.02,0.02,0.02,0.02,0.03,0.03,0.03,0.03,0.04,0.04,0.04,0.04,0.05,0.04,0.02,0.02,0.02,0.03,0.03,0.02,0.03,0.03,0.03
0.05,0.0,0.5,0.28,0.33,0.24,0.2,0.19,0.14,0.14,0.1,0.1,0.04,0.04,0.03,0.04,0.03,0.04,0.03,0.03,0.04,0.05,0.04,0.05,0.04,0.04,0.04,0.04,0.04,0.03,0.04,0.02,0.02,0.02,0.02,0.02,0.02,0.02,0.02,0.02,0.03,0.03,0.03,0.03,0.02,0.02,0.03,0.03,0.02,0.03,0.02,0.02,0.03,0.02,0.02,0.02,0.02,0.02,0.02,0.02,0.02,0.03,0.03,0.04,0.03,0.04,0.03,0.04,0.03,0.03,0.02,0.02,0.03,0.02,0.03,0.33,0.02,0.02,0.02,0.02,0.02,0.02,0.03,0.03,0.04,0.04,0.04,0.04,0.05,0.05,0.05,0.06,0.04,0.04,0.04,0.05,0.05,0.04,0.07,0.06,0.05
0.05,0.5,0.0,0.2,0.28,0.17,0.2,0.16,0.14,0.14,0.09,0.1,0.04,0.04,0.04,0.04,0.03,0.04,0.03,0.03,0.04,0.04,0.04,0.04,0.04,0.04,0.04,0.04,0.04,0.03,0.03,0.02,0.02,0.02,0.02,0.02,0.02,0.02,0.02,0.02,0.02,0.03,0.03,0.03,0.02,0.02,0.02,0.03,0.02,0.03,0.02,0.02,0.02,0.02,0.02,0.02,0.02,0.02,0.02,0.02,0.02,0.02,0.03,0.03,0.02,0.03,0.03,0.03,0.03,0.03,0.02,0.02,0.02,0.02,0.03,0.2,0.02,0.02,0.02,0.02,0.02,0.02,0.03,0.03,0.04,0.04,0.04,0.04,0.04,0.05,0.05,0.06,0.04,0.04,0.04,0.05,0.06,0.05,0.07,0.07,0.06
0.06,0.28,0.2,0.0,0.5,1.0,0.28,0.5,0.22,0.18,0.14,0.13,0.04,0.05,0.04,0.04,0.03,0.04,0.04,0.03,0.05,0.05,0.05,0.06,0.04,0.05,0.05,0.04,0.05,0.04,0.04,0.02,0.02,0.02,0.03,0.02,0.02,0.02,0.02,0.02,0.03,0.03,0.03,0.03,0.03,0.03,0.03,0.03,0.03,0.03,0.03,0.03,0.03,0.02,0.02,0.02,0.02,0.02,0.02,0.02,0.02,0.03,0.03,0.04,0.03,0.04,0.03,0.04,0.03,0.03,0.02,0.02,0.03,0.02,0.03,0.32,0.02,0.02,0.02,0.02,0.02,0.02,0.03,0.03,0.03,0.04,0.04,0.04,0.04,0.04,0.05,0.05,0.03,0.03,0.04,0.04,0.04,0.04,0.05,0.05,0.04
0.06,0.33,0.28,0.5,0.0,0.33,0.45,0.35,0.25,0.22,0.14,0.14,0.04,0.05,0.04,0.04,0.04,0.04,0.04,0.03,0.05,0.05,0.05,0.05,0.04,0.04,0.05,0.04,0.04,0.04,0.04,0.02,0.02,0.02,0.02,0.02,0.02,0.02,0.02,0.02,0.03,0.03,0.03,0.03,0.03,0.03,0.03,0.03,0.02,0.03,0.03,0.02,0.03,0.02,0.02,0.02,0.02,0.02,0.02,0.02,0.02,0.03,0.03,0.03,0.03,0.03,0.03,0.04,0.03,0.03,0.02,0.02,0.03,0.02,0.03,0.24,0.02,0.02,0.02,0.02,0.02,0.02,0.03,0.03,0.03,0.04,0.04,0.04,0.04,0.04,0.05,0.05,0.03,0.03,0.04,0.04,0.05,0.04,0.06,0.06,0.05
0.07,0.24,0.17,1.0,0.33,0.0,0.22,0.45,0.2,0.16,0.14,0.12,0.04,0.04,0.04,0.04,0.03,0.04,0.03,0.03,0.05,0.06,0.05,0.06,0.04,0.05,0.05,0.04,0.05,0.04,0.04,0.02,0.02,0.02,0.03,0.02,0.02,0.02,0.02,0.02,0.03,0.03,0.03,0.03,0.03,0.03,0.03,0.03,0.03,0.03,0.03,0.03,0.03,0.02,0.02,0.02,0.02,0.02,0.02,0.02,0.02,0.03,0.03,0.04,0.03,0.04,0.03,0.04,0.03,0.03,0.02,0.02,0.03,0.02,0.03,0.33,0.02,0.02,0.02,0.02,0.02,0.02,0.03,0.03,0.03,0.04,0.04,0.04,0.04,0.05,0.05,0.05,0.03,0.03,0.03,0.04,0.04,0.04,0.05,0.05,0.04
0.05,0.2,0.2,0.28,0.45,0.22,0.0,0.33,0.45,0.45,0.17,0.2,0.05,0.05,0.04,0.04,0.04,0.04,0.04,0.04,0.05,0.05,0.05,0.05,0.04,0.04,0.05,0.04,0.05,0.04,0.04,0.02,0.02,0.02,0.03,0.02,0.02,0.02,0.02,0.02,0.03,0.03,0.03,0.03,0.03,0.02,0.03,0.03,0.02,0.03,0.03,0.02,0.03,0.02,0.02,0.02,0.02,0.02,0.02,0.02,0.02,0.02,0.03,0.03,0.03,0.03,0.03,0.03,0.03,0.03,0.01,0.02,0.02,0.02,0.03,0.16,0.02,0.02,0.02,0.02,0.02,0.02,0.03,0.03,0.03,0.03,0.03,0.03,0.04,0.04,0.04,0.05,0.03,0.03,0.04,0.04,0.04,0.04,0.05,0.05,0.05
0.06,0.19,0.16,0.5,0.35,0.45,0.33,0.0,0.35,0.22,0.2,0.17,0.04,0.05,0.04,0.04,0.04,0.04,0.04,0.03,0.05,0.06,0.05,0.06,0.05,0.05,0.05,0.05,0.05,0.04,0.04,0.02,0.03,0.02,0.03,0.02,0.02,0.02,0.02,0.02,0.03,0.03,0.03,0.03,0.03,0.03,0.03,0.03,0.03,0.03,0.03,0.03,0.03,0.02,0.02,0.02,0.02,0.02,0.02,0.02,0.02,0.03,0.03,0.04,0.03,0.04,0.03,0.04,0.03,0.03,0.02,0.02,0.03,0.02,0.03,0.2,0.02,0.02,0.02,0.02,0.02,0.02,0.03,0.03,0.03,0.03,0.04,0.04,0.04,0.04,0.04,0.05,0.03,0.03,0.03,0.04,0.04,0.04,0.05,0.05,0.04
0.06,0.14,0.14,0.22,0.25,0.2,0.45,0.35,0.0,0.5,0.28,0.32,0.05,0.06,0.04,0.05,0.04,0.05,0.04,0.04,0.05,0.06,0.05,0.06,0.05,0.05,0.05,0.05,0.05,0.04,0.05,0.02,0.03,0.02,0.03,0.02,0.02,0.02,0.02,0.02,0.03,0.03,0.03,0.03,0.03,0.03,0.03,0.03,0.03,0.03,0.03,0.02,0.03,0.02,0.02,0.02,0.02,0.02,0.02,0.02,0.02,0.03,0.03,0.03,0.03,0.03,0.03,0.03,0.03,0.03,0.01,0.02,0.02,0.02,0.03,0.13,0.02,0.02,0.02,0.02,0.02,0.02,0.03,0.03,0.03,0.03,0.03,0.03,0.04,0.04,0.04,0.04,0.03,0.03,0.03,0.04,0.04,0.04,0.05,0.05,0.04
0.05,0.14,0.14,0.18,0.22,0.16,0.45,0.22,0.5,0.0,0.2,0.32,0.05,0.06,0.05,0.05,0.04,0.05,0.04,0.04,0.05,0.05,0.05,0.06,0.04,0.05,0.05,0.04,0.05,0.04,0.04,0.02,0.02,0.02,0.03,0.02,0.02,0.02,0.02,0.02,0.02,0.03,0.03,0.03,0.02,0.02,0.03,0.03,0.02,0.03,0.03,0.02,0.03,0.02,0.02,0.02,0.02,0.02,0.02,0.02,0.02,0.02,0.03,0.03,0.02,0.03,0.03,0.03,0.02,0.03,0.01,0.01,0.02,0.01,0.03,0.12,0.02,0.02,0.02,0.02,0.02,0.02,0.03,0.03,0.03,0.03,0.03,0.03,0.03,0.04,0.04,0.04,0.03,0.03,0.03,0.04,0.04,0.04,0.05,0.05,0.04
0.06,0.1,0.09,0.14,0.14,0.14,0.17,0.2,0.28,0.2,0.0,0.33,0.05,0.06,0.04,0.05,0.04,0.05,0.05,0.04,0.06,0.07,0.06,0.08,0.05,0.06,0.07,0.05,0.06,0.05,0.05,0.03,0.03,0.03,0.03,0.02,0.03,0.02,0.02,0.02,0.03,0.03,0.03,0.03,0.03,0.03,0.03,0.03,0.03,0.03,0.03,0.03,0.03,0.02,0.02,0.02,0.02,0.02,0.02,0.02,0.02,0.03,0.03,0.03,0.03,0.03,0.03,0.03,0.03,0.03,0.01,0.01,0.02,0.01,0.03,0.1,0.02,0.02,0.02,0.02,0.02,0.02,0.02,0.03,0.03,0.03,0.03,0.03,0.03,0.03,0.04,0.04,0.03,0.03,0.03,0.03,0.03,0.03,0.04,0.04,0.04
0.05,0.1,0.1,0.13,0.14,0.12,0.2,0.17,0.32,0.32,0.33,0.0,0.05,0.07,0.05,0.05,0.05,0.06,0.05,0.04,0.05,0.06,0.05,0.06,0.05,0.05,0.06,0.05,0.05,0.04,0.05,0.02,0.03,0.03,0.03,0.02,0.03,0.02,0.02,0.02,0.03,0.03,0.03,0.03,0.03,0.03,0.03,0.03,0.03,0.03,0.03,0.02,0.03,0.02,0.02,0.02,0.02,0.02,0.02,0.02,0.02,0.02,0.03,0.03,0.02,0.03,0.03,0.03,0.02,0.03,0.01,0.01,0.02,0.01,0.03,0.09,0.02,0.02,0.02,0.02,0.02,0.02,0.02,0.03,0.03,0.03,0.03,0.03,0.03,0.03,0.03,0.04,0.03,0.03,0.03,0.03,0.04,0.03,0.04,0.04,0.04
0.03,0.04,0.04,0.04,0.04,0.04,0.05,0.04,0.05,0.05,0.05,0.05,0.0,0.1,0.33,0.14,0.2,0.08,0.07,0.09,0.03,0.03,0.03,0.03,0.03,0.03,0.03,0.03,0.03,0.03,0.03,0.02,0.02,0.02,0.02,0.02,0.02,0.02,0.02,0.02,0.02,0.02,0.02,0.02,0.02,0.02,0.02,0.02,0.02,0.02,0.02,0.02,0.02,0.01,0.01,0.01,0.01,0.01,0.01,0.01,0.01,0.02,0.02,0.02,0.02,0.02,0.02,0.02,0.02,0.02,0.01,0.01,0.02,0.01,0.02,0.04,0.01,0.01,0.01,0.01,0.01,0.01,0.02,0.02,0.02,0.02,0.02,0.02,0.02,0.02,0.02,0.02,0.02,0.03,0.02,0.03,0.03,0.03,0.03,0.03,0.03
0.03,0.04,0.04,0.05,0.05,0.04,0.05,0.05,0.06,0.06,0.06,0.07,0.1,0.0,0.1,0.19,0.1,0.25,0.14,0.12,0.04,0.04,0.04,0.05,0.04,0.04,0.05,0.04,0.05,0.04,0.05,0.02,0.03,0.03,0.03,0.02,0.03,0.02,0.02,0.03,0.02,0.02,0.02,0.02,0.02,0.02,0.02,0.02,0.02,0.02,0.02,0.02,0.02,0.01,0.01,0.02,0.01,0.02,0.01,0.02,0.01,0.02,0.02,0.02,0.02,0.02,0.02,0.02,0.02,0.02,0.01,0.01,0.02,0.01,0.02,0.04,0.01,0.01,0.01,0.01,0.01,0.01,0.02,0.02,0.02,0.02,0.02,0.02,0.02,0.02,0.02,0.02,0.02,0.02,0.02,0.02,0.03,0.03,0.03,0.03,0.03
0.03,0.03,0.04,0.04,0.04,0.04,0.04,0.04,0.04,0.05,0.04,0.05,0.33,0.1,0.0,0.19,0.5,0.09,0.08,0.12,0.03,0.03,0.03,0.03,0.03,0.03,0.03,0.03,0.03,0.03,0.03,0.02,0.02,0.02,0.02,0.02,0.02,0.02,0.02,0.02,0.02,0.02,0.02,0.02,0.02,0.02,0.02,0.02,0.02,0.02,0.02,0.02,0.02,0.01,0.01,0.01,0.01,0.01,0.01,0.01,0.01,0.02,0.02,0.02,0.02,0.02,0.02,0.02,0.02,0.02,0.01,0.01,0.02,0.01,0.02,0.03,0.01,0.01,0.01,0.01,0.01,0.01,0.02,0.02,0.02,0.02,0.02,0.02,0.02,0.02,0.02,0.02,0.02,0.02,0.02,0.02,0.03,0.03,0.03,0.03,0.03
0.03,0.04,0.04,0.04,0.04,0.04,0.04,0.04,0.05,0.05,0.05,0.05,0.14,0.19,0.19,0.0,0.2,0.19,0.14,0.2,0.03,0.03,0.03,0.04,0.03,0.04,0.04,0.04,0.04,0.03,0.04,0.02,0.02,0.02,0.03,0.02,0.03,0.02,0.02,0.02,0.02,0.02,0.02,0.02,0.02,0.02,0.02,0.02,0.02,0.02,0.02,0.02,0.02,0.01,0.01,0.01,0.01,0.01,0.01,0.01,0.01,0.02,0.02,0.02,0.02,0.02,0.02,0.02,0.02,0.02,0.01,0.01,0.02,0.01,0.02,0.03,0.01,0.01,0.01,0.01,0.01,0.01,0.02,0.02,0.02,0.02,0.02,0.02,0.02,0.02,0.02,0.02,0.02,0.02,0.02,0.02,0.03,0.02,0.03,0.03,0.03
0.02,0.03,0.03,0.03,0.04,0.03,0.04,0.04,0.04,0.04,0.04,0.05,0.2,0.1,0.5,0.2,0.0,0.1,0.09,0.14,0.03,0.03,0.03,0.03,0.03,0.03,0.03,0.03,0.03,0.03,0.03,0.02,0.02,0.02,0.02,0.02,0.02,0.02,0.02,0.02,0.02,0.02,0.02,0.02,0.02,0.02,0.02,0.02,0.02,0.02,0.02,0.02,0.02,0.01,0.01,0.01,0.01,0.01,0.01,0.01,0.01,0.02,0.02,0.02,0.02,0.02,0.02,0.02,0.02,0.02,0.01,0.01,0.02,0.01,0.02,0.03,0.01,0.01,0.01,0.01,0.01,0.01,0.02,0.02,0.02,0.02,0.02,0.02,0.02,0.02,0.02,0.02,0.02,0.02,0.02,0.02,0.02,0.03,0.03,0.03,0.03
0.03,0.04,0.04,0.04,0.04,0.04,0.04,0.04,0.05,0.05,0.05,0.06,0.08,0.25,0.09,0.19,0.1,0.0,0.33,0.17,0.04,0.04,0.04,0.04,0.04,0.04,0.05,0.04,0.05,0.04,0.05,0.02,0.03,0.03,0.03,0.02,0.03,0.03,0.03,0.03,0.02,0.02,0.02,0.02,0.02,0.02,0.02,0.02,0.02,0.02,0.02,0.02,0.02,0.01,0.01,0.02,0.01,0.02,0.01,0.02,0.01,0.02,0.02,0.02,0.02,0.02,0.02,0.02,0.02,0.02,0.01,0.01,0.02,0.01,0.02,0.03,0.01,0.01,0.01,0.01,0.01,0.01,0.02,0.02,0.02,0.02,0.02,0.02,0.02,0.02,0.02,0.02,0.02,0.02,0.02,0.02,0.02,0.02,0.03,0.03,0.03
0.03,0.03,0.03,0.04,0.04,0.03,0.04,0.04,0.04,0.04,0.05,0.05,0.07,0.14,0.08,0.14,0.09,0.33,0.0,0.2,0.03,0.04,0.04,0.04,0.04,0.04,0.04,0.04,0.05,0.04,0.05,0.02,0.03,0.03,0.03,0.02,0.03,0.03,0.03,0.03,0.02,0.02,0.02,0.02,0.02,0.02,0.02,0.02,0.02,0.02,0.02,0.02,0.02,0.01,0.01,0.02,0.01,0.02,0.01,0.02,0.01,0.02,0.02,0.02,0.02,0.02,0.02,0.02,0.02,0.02,0.01,0.01,0.02,0.01,0.02,0.03,0.01,0.01,0.01,0.01,0.01,0.01,0.02,0.02,0.02,0.02,0.02,0.02,0.02,0.02,0.02,0.02,0.02,0.02,0.02,0.02,0.02,0.02,0.02,0.02,0.02
0.03,0.03,0.03,0.03,0.03,0.03,0.04,0.03,0.04,0.04,0.04,0.04,0.09,0.12,0.12,0.2,0.14,0.17,0.2,0.0,0.03,0.03,0.03,0.04,0.03,0.03,0.04,0.03,0.04,0.03,0.04,0.02,0.02,0.02,0.03,0.02,0.03,0.02,0.02,0.03,0.02,0.02,0.02,0.02,0.02,0.02,0.02,0.02,0.02,0.02,0.02,0.02,0.02,0.01,0.01,0.01,0.01,0.01,0.01,0.01,0.01,0.02,0.02,0.02,0.02,0.02,0.02,0.02,0.02,0.02,0.01,0.01,0.02,0.01,0.02,0.03,0.01,0.01,0.01,0.01,0.01,0.01,0.02,0.02,0.02,0.02,0.02,0.02,0.02,0.02,0.02,0.02,0.02,0.02,0.02,0.02,0.02,0.02,0.02,0.03,0.02
0.1,0.04,0.04,0.05,0.05,0.05,0.05,0.05,0.05,0.05,0.06,0.05,0.03,0.04,0.03,0.03,0.03,0.04,0.03,0.03,0.0,0.5,0.35,0.19,0.2,0.19,0.14,0.14,0.12,0.1,0.09,0.04,0.04,0.04,0.04,0.03,0.04,0.03,0.03,0.03,0.05,0.05,0.05,0.07,0.05,0.05,0.06,0.07,0.05,0.07,0.05,0.05,0.06,0.02,0.02,0.03,0.02,0.03,0.02,0.03,0.02,0.04,0.04,0.04,0.04,0.05,0.04,0.05,0.04,0.05,0.01,0.01,0.03,0.02,0.04,0.05,0.02,0.02,0.02,0.02,0.02,0.02,0.02,0.02,0.02,0.03,0.03,0.03,0.03,0.03,0.03,0.03,0.02,0.02,0.02,0.02,0.02,0.02,0.03,0.03,0.02
0.1,0.05,0.04,0.05,0.05,0.06,0.05,0.06,0.06,0.05,0.07,0.06,0.03,0.04,0.03,0.03,0.03,0.04,0.04,0.03,0.5,0.0,0.5,0.28,0.19,0.2,0.17,0.14,0.13,0.1,0.1,0.04,0.04,0.04,0.04,0.03,0.04,0.03,0.03,0.03,0.04,0.05,0.05,0.06,0.05,0.05,0.05,0.06,0.05,0.06,0.05,0.04,0.06,0.02,0.02,0.03,0.02,0.03,0.02,0.03,0.02,0.03,0.04,0.04,0.04,0.05,0.04,0.05,0.04,0.04,0.01,0.01,0.03,0.02,0.03,0.05,0.02,0.02,0.02,0.02,0.02,0.02,0.02,0.02,0.02,0.03,0.03,0.03,0.03,0.03,0.03,0.03,0.02,0.02,0.02,0.02,0.02,0.02,0.03,0.03,0.02
0.08,0.04,0.04,0.05,0.05,0.05,0.05,0.05,0.05,0.05,0.06,0.05,0.03,0.04,0.03,0.03,0.03,0.04,0.04,0.03,0.35,0.5,0.0,0.33,0.28,0.33,0.24,0.2,0.17,0.12,0.12,0.04,0.05,0.04,0.05,0.03,0.04,0.03,0.03,0.03,0.04,0.05,0.05,0.06,0.04,0.05,0.05,0.06,0.05,0.06,0.05,0.05,0.06,0.02,0.02,0.03,0.02,0.03,0.02,0.03,0.02,0.03,0.04,0.04,0.03,0.04,0.04,0.04,0.04,0.04,0.01,0.01,0.03,0.01,0.03,0.05,0.02,0.02,0.02,0.02,0.02,0.02,0.02,0.02,0.02,0.02,0.03,0.03,0.03,0.03,0.03,0.03,0.02,0.02,0.02,0.02,0.02,0.02,0.03,0.03,0.02
0.08,0.05,0.04,0.06,0.05,0.06,0.05,0.06,0.06,0.06,0.08,0.06,0.03,0.05,0.03,0.04,0.03,0.04,0.04,0.04,0.19,0.28,0.33,0.0,0.17,0.24,0.33,0.17,0.2,0.11,0.12,0.04,0.04,0.04,0.04,0.03,0.04,0.03,0.03,0.03,0.04,0.04,0.04,0.05,0.04,0.04,0.04,0.05,0.04,0.05,0.04,0.04,0.05,0.02,0.02,0.02,0.02,0.02,0.02,0.02,0.02,0.03,0.03,0.04,0.03,0.04,0.04,0.04,0.03,0.04,0.01,0.01,0.03,0.01,0.03,0.05,0.02,0.02,0.02,0.02,0.02,0.02,0.02,0.02,0.02,0.02,0.03,0.03,0.03,0.03,0.03,0.03,0.02,0.02,0.02,0.02,0.02,0.02,0.03,0.03,0.02
0.07,0.04,0.04,0.04,0.04,0.04,0.04,0.05,0.05,0.04,0.05,0.05,0.03,0.04,0.03,0.03,0.03,0.04,0.04,0.03,0.2,0.19,0.28,0.17,0.0,0.5,0.2,0.35,0.19,0.2,0.14,0.05,0.06,0.05,0.06,0.04,0.05,0.04,0.04,0.04,0.04,0.05,0.05,0.06,0.05,0.05,0.05,0.06,0.05,0.07,0.06,0.05,0.07,0.02,0.02,0.03,0.02,0.03,0.02,0.03,0.02,0.03,0.03,0.04,0.03,0.04,0.04,0.04,0.04,0.04,0.01,0.01,0.03,0.01,0.03,0.04,0.01,0.02,0.02,0.02,0.02,0.02,0.02,0.02,0.02,0.02,0.02,0.02,0.02,0.03,0.03,0.03,0.02,0.02,0.02,0.02,0.02,0.02,0.02,0.02,0.02
0.07,0.04,0.04,0.05,0.04,0.05,0.04,0.05,0.05,0.05,0.06,0.05,0.03,0.04,0.03,0.04,0.03,0.04,0.04,0.03,0.19,0.2,0.33,0.24,0.5,0.0,0.33,0.5,0.28,0.19,0.17,0.04,0.05,0.05,0.05,0.04,0.05,0.04,0.04,0.04,0.04,0.04,0.05,0.05,0.04,0.04,0.05,0.06,0.05,0.06,0.05,0.05,0.06,0.02,0.02,0.02,0.02,0.03,0.02,0.03,0.02,0.03,0.03,0.04,0.03,0.04,0.04,0.04,0.03,0.04,0.01,0.01,0.03,0.01,0.03,0.04,0.01,0.01,0.02,0.02,0.02,0.02,0.02,0.02,0.02,0.02,0.02,0.02,0.02,0.03,0.03,0.03,0.02,0.02,0.02,0.02,0.02,0.02,0.02,0.02,0.02
0.06,0.04,0.04,0.05,0.05,0.05,0.05,0.05,0.05,0.05,0.07,0.06,0.03,0.05,0.03,0.04,0.03,0.05,0.04,0.04,0.14,0.17,0.24,0.33,0.2,0.33,0.0,0.28,0.5,0.14,0.2,0.04,0.05,0.04,0.05,0.04,0.04,0.04,0.03,0.04,0.04,0.04,0.04,0.05,0.04,0.04,0.04,0.05,0.04,0.05,0.04,0.04,0.05,0.02,0.02,0.02,0.02,0.02,0.02,0.02,0.02,0.03,0.03,0.03,0.03,0.04,0.03,0.04,0.03,0.04,0.01,0.01,0.03,0.01,0.03,0.04,0.01,0.01,0.02,0.01,0.01,0.02,0.02,0.02,0.02,0.02,0.02,0.03,0.02,0.03,0.03,0.03,0.02,0.02,0.02,0.02,0.02,0.02,0.03,0.03,0.02
0.06,0.04,0.04,0.04,0.04,0.04,0.04,0.05,0.05,0.04,0.05,0.05,0.03,0.04,0.03,0.04,0.03,0.04,0.04,0.03,0.14,0.14,0.2,0.17,0.35,0.5,0.28,0.0,0.33,0.28,0.24,0.05,0.06,0.05,0.06,0.04,0.05,0.04,0.04,0.04,0.04,0.04,0.04,0.05,0.04,0.04,0.05,0.05,0.04,0.06,0.05,0.05,0.06,0.02,0.02,0.02,0.02,0.02,0.02,0.03,0.02,0.03,0.03,0.03,0.03,0.04,0.03,0.04,0.03,0.04,0.01,0.01,0.03,0.01,0.03,0.04,0.01,0.01,0.01,0.01,0.01,0.02,0.02,0.02,0.02,0.02,0.02,0.02,0.02,0.02,0.03,0.03,0.02,0.02,0.02,0.02,0.02,0.02,0.02,0.02,0.02
0.06,0.04,0.04,0.05,0.04,0.05,0.05,0.05,0.05,0.05,0.06,0.05,0.03,0.05,0.03,0.04,0.03,0.05,0.05,0.04,0.12,0.13,0.17,0.2,0.19,0.28,0.5,0.33,0.0,0.17,0.33,0.04,0.05,0.05,0.06,0.04,0.05,0.04,0.04,0.04,0.04,0.04,0.04,0.04,0.04,0.04,0.04,0.05,0.04,0.05,0.04,0.04,0.05,0.02,0.02,0.02,0.02,0.02,0.02,0.02,0.02,0.03,0.03,0.03,0.03,0.03,0.03,0.04,0.03,0.03,0.01,0.01,0.03,0.01,0.03,0.04,0.01,0.01,0.01,0.01,0.01,0.02,0.02,0.02,0.02,0.02,0.02,0.02,0.02,0.02,0.03,0.03,0.02,0.02,0.02,0.02,0.02,0.02,0.02,0.02,0.02
0.05,0.03,0.03,0.04,0.04,0.04,0.04,0.04,0.04,0.04,0.05,0.04,0.03,0.04,0.03,0.03,0.03,0.04,0.04,0.03,0.1,0.1,0.12,0.11,0.2,0.19,0.14,0.28,0.17,0.0,0.2,0.06,0.07,0.06,0.08,0.05,0.06,0.05,0.04,0.05,0.04,0.04,0.05,0.05,0.04,0.04,0.05,0.06,0.05,0.06,0.05,0.05,0.06,0.02,0.02,0.02,0.02,0.02,0.02,0.03,0.02,0.03,0.03,0.03,0.03,0.03,0.03,0.03,0.03,0.03,0.01,0.01,0.03,0.01,0.03,0.03,0.01,0.01,0.01,0.01,0.01,0.01,0.02,0.02,0.02,0.02,0.02,0.02,0.02,0.02,0.02,0.02,0.02,0.02,0.02,0.02,0.02,0.02,0.02,0.02,0.02
0.05,0.04,0.03,0.04,0.04,0.04,0.04,0.04,0.05,0.04,0.05,0.05,0.03,0.05,0.03,0.04,0.03,0.05,0.05,0.04,0.09,0.1,0.12,0.12,0.14,0.17,0.2,0.24,0.33,0.2,0.0,0.04,0.06,0.05,0.06,0.04,0.06,0.04,0.04,0.04,0.03,0.04,0.04,0.04,0.04,0.04,0.04,0.04,0.04,0.05,0.04,0.04,0.05,0.02,0.02,0.02,0.02,0.02,0.02,0.02,0.02,0.03,0.03,0.03,0.03,0.03,0.03,0.03,0.03,0.03,0.01,0.01,0.02,0.01,0.03,0.04,0.01,0.01,0.01,0.01,0.01,0.01,0.02,0.02,0.02,0.02,0.02,0.02,0.02,0.02,0.03,0.02,0.02,0.02,0.02,0.02,0.02,0.02,0.02,0.02,0.02
0.03,0.02,0.02,0.02,0.02,0.02,0.02,0.02,0.02,0.02,0.03,0.02,0.02,0.02,0.02,0.02,0.02,0.02,0.02,0.02,0.04,0.04,0.04,0.04,0.05,0.04,0.04,0.05,0.04,0.06,0.04,0.0,0.2,0.19,0.1,0.2,0.09,0.11,0.09,0.07,0.04,0.04,0.04,0.04,0.04,0.05,0.05,0.05,0.05,0.06,0.06,0.06,0.07,0.02,0.02,0.03,0.02,0.03,0.02,0.03,0.03,0.02,0.03,0.02,0.03,0.03,0.03,0.03,0.03,0.03,0.01,0.01,0.02,0.01,0.02,0.02,0.01,0.01,0.01,0.01,0.01,0.01,0.01,0.02,0.02,0.02,0.02,0.02,0.02,0.02,0.02,0.02,0.01,0.01,0.01,0.01,0.01,0.01,0.02,0.02,0.01
0.03,0.02,0.02,0.02,0.02,0.02,0.02,0.03,0.03,0.02,0.03,0.03,0.02,0.03,0.02,0.02,0.02,0.03,0.03,0.02,0.04,0.04,0.05,0.04,0.06,0.05,0.05,0.06,0.05,0.07,0.06,0.2,0.0,0.5,0.19,0.14,0.14,0.12,0.1,0.09,0.04,0.04,0.04,0.04,0.04,0.04,0.05,0.05,0.05,0.05,0.06,0.06,0.06,0.02,0.02,0.02,0.02,0.03,0.02,0.03,0.02,0.02,0.02,0.03,0.03,0.03,0.03,0.03,0.03,0.03,0.01,0.01,0.02,0.01,0.02,0.02,0.01,0.01,0.01,0.01,0.01,0.01,0.01,0.02,0.02,0.02,0.02,0.02,0.02,0.02,0.02,0.02,0.01,0.01,0.01,0.02,0.02,0.01,0.02,0.02,0.02
0.03,0.02,0.02,0.02,0.02,0.02,0.02,0.02,0.02,0.02,0.03,0.03,0.02,0.03,0.02,0.02,0.02,0.03,0.03,0.02,0.04,0.04,0.04,0.04,0.05,0.05,0.04,0.05,0.05,0.06,0.05,0.19,0.5,0.0,0.2,0.17,0.17,0.17,0.12,0.11,0.03,0.04,0.04,0.04,0.04,0.04,0.04,0.04,0.04,0.05,0.05,0.05,0.06,0.02,0.02,0.02,0.02,0.02,0.02,0.03,0.02,0.02,0.02,0.02,0.02,0.03,0.03,0.03,0.03,0.03,0.01,0.01,0.02,0.01,0.02,0.02,0.01,0.01,0.01,0.01,0.01,0.01,0.01,0.02,0.02,0.02,0.02,0.02,0.02,0.02,0.02,0.02,0.01,0.01,0.01,0.01,0.02,0.01,0.02,0.02,0.02
0.03,0.02,0.02,0.03,0.02,0.03,0.03,0.03,0.03,0.03,0.03,0.03,0.02,0.03,0.02,0.03,0.02,0.03,0.03,0.03,0.04,0.04,0.05,0.04,0.06,0.05,0.05,0.06,0.06,0.08,0.06,0.1,0.19,0.2,0.0,0.1,0.33,0.13,0.11,0.12,0.03,0.03,0.04,0.04,0.04,0.04,0.04,0.04,0.04,0.04,0.05,0.04,0.05,0.02,0.02,0.02,0.02,0.02,0.02,0.02,0.02,0.02,0.02,0.02,0.02,0.02,0.02,0.03,0.03,0.03,0.01,0.01,0.02,0.01,0.02,0.02,0.01,0.01,0.01,0.01,0.01,0.01,0.01,0.02,0.02,0.02,0.02,0.02,0.02,0.02,0.02,0.02,0.01,0.01,0.01,0.02,0.02,0.02,0.02,0.02,0.02
0.03,0.02,0.02,0.02,0.02,0.02,0.02,0.02,0.02,0.02,0.02,0.02,0.02,0.02,0.02,0.02,0.02,0.02,0.02,0.02,0.03,0.03,0.03,0.03,0.04,0.04,0.04,0.04,0.04,0.05,0.04,0.2,0.14,0.17,0.1,0.0,0.1,0.17,0.14,0.09,0.03,0.03,0.04,0.04,0.04,0.04,0.04,0.04,0.04,0.04,0.05,0.05,0.05,0.02,0.02,0.02,0.02,0.02,0.02,0.03,0.02,0.02,0.02,0.02,0.02,0.02,0.02,0.02,0.02,0.03,0.01,0.01,0.02,0.01,0.02,0.02,0.01,0.01,0.01,0.01,0.01,0.01,0.01,0.01,0.01,0.01,0.02,0.02,0.02,0.02,0.02,0.02,0.01,0.01,0.01,0.01,0.01,0.01,0.02,0.01,0.01
0.03,0.02,0.02,0.02,0.02,0.02,0.02,0.02,0.02,0.02,0.03,0.03,0.02,0.03,0.02,0.03,0.02,0.03,0.03,0.03,0.04,0.04,0.04,0.04,0.05,0.05,0.04,0.05,0.05,0.06,0.06,0.09,0.14,0.17,0.33,0.1,0.0,0.17,0.14,0.2,0.03,0.03,0.03,0.03,0.03,0.03,0.04,0.04,0.04,0.04,0.04,0.04,0.04,0.02,0.02,0.02,0.02,0.02,0.02,0.02,0.02,0.02,0.02,0.02,0.02,0.02,0.02,0.02,0.02,0.02,0.01,0.01,0.02,0.01,0.02,0.02,0.01,0.01,0.01,0.01,0.01,0.01,0.01,0.01,0.02,0.02,0.02,0.02,0.02,0.02,0.02,0.02,0.01,0.01,0.01,0.01,0.02,0.01,0.02,0.02,0.02
0.03,0.02,0.02,0.02,0.02,0.02,0.02,0.02,0.02,0.02,0.02,0.02,0.02,0.02,0.02,0.02,0.02,0.03,0.03,0.02,0.03,0.03,0.03,0.03,0.04,0.04,0.04,0.04,0.04,0.05,0.04,0.11,0.12,0.17,0.13,0.17,0.17,0.0,0.5,0.19,0.03,0.03,0.03,0.03,0.03,0.03,0.03,0.04,0.04,0.04,0.04,0.04,0.04,0.02,0.02,0.02,0.02,0.02,0.02,0.02,0.02,0.02,0.02,0.02,0.02,0.02,0.02,0.02,0.02,0.02,0.01,0.01,0.02,0.01,0.02,0.02,0.01,0.01,0.01,0.01,0.01,0.01,0.01,0.01,0.01,0.01,0.02,0.02,0.02,0.02,0.02,0.02,0.01,0.01,0.01,0.01,0.01,0.01,0.02,0.02,0.01
0.02,0.02,0.02,0.02,0.02,0.02,0.02,0.02,0.02,0.02,0.02,0.02,0.02,0.02,0.02,0.02,0.02,0.03,0.03,0.02,0.03,0.03,0.03,0.03,0.04,0.04,0.03,0.04,0.04,0.04,0.04,0.09,0.1,0.12,0.11,0.14,0.14,0.5,0.0,0.2,0.03,0.03,0.03,0.03,0.03,0.03,0.03,0.03,0.03,0.04,0.04,0.04,0.04,0.02,0.02,0.02,0.02,0.02,0.02,0.02,0.02,0.02,0.02,0.02,0.02,0.02,0.02,0.02,0.02,0.02,0.01,0.01,0.02,0.01,0.02,0.02,0.01,0.01,0.01,0.01,0.01,0.01,0.01,0.01,0.01,0.01,0.01,0.01,0.01,0.02,0.02,0.02,0.01,0.01,0.01,0.01,0.01,0.01,0.01,0.01,0.01
0.02,0.02,0.02,0.02,0.02,0.02,0.02,0.02,0.02,0.02,0.02,0.02,0.02,0.03,0.02,0.02,0.02,0.03,0.03,0.03,0.03,0.03,0.03,0.03,0.04,0.04,0.04,0.04,0.04,0.05,0.04,0.07,0.09,0.11,0.12,0.09,0.2,0.19,0.2,0.0,0.03,0.03,0.03,0.03,0.03,0.03,0.03,0.03,0.03,0.03,0.03,0.03,0.04,0.02,0.02,0.02,0.02,0.02,0.02,0.02,0.02,0.02,0.02,0.02,0.02,0.02,0.02,0.02,0.02,0.02,0.01,0.01,0.02,0.01,0.02,0.02,0.01,0.01,0.01,0.01,0.01,0.01,0.01,0.01,0.01,0.01,0.01,0.02,0.01,0.02,0.02,0.02,0.01,0.01,0.01,0.01,0.01,0.01,0.02,0.02,0.01
0.05,0.03,0.02,0.03,0.03,0.03,0.03,0.03,0.03,0.02,0.03,0.03,0.02,0.02,0.02,0.02,0.02,0.02,0.02,0.02,0.05,0.04,0.04,0.04,0.04,0.04,0.04,0.04,0.04,0.04,0.03,0.04,0.04,0.03,0.03,0.03,0.03,0.03,0.03,0.03,0.0,0.5,0.35,0.19,0.33,0.2,0.19,0.14,0.14,0.12,0.11,0.1,0.09,0.04,0.05,0.06,0.04,0.06,0.04,0.07,0.04,0.07,0.06,0.06,0.08,0.06,0.08,0.06,0.1,0.09,0.02,0.02,0.06,0.02,0.05,0.03,0.02,0.02,0.02,0.02,0.02,0.02,0.02,0.02,0.02,0.02,0.03,0.03,0.02,0.03,0.03,0.03,0.02,0.02,0.02,0.02,0.02,0.02,0.02,0.02,0.02
0.05,0.03,0.03,0.03,0.03,0.03,0.03,0.03,0.03,0.03,0.03,0.03,0.02,0.02,0.02,0.02,0.02,0.02,0.02,0.02,0.05,0.05,0.05,0.04,0.05,0.04,0.04,0.04,0.04,0.04,0.04,0.04,0.04,0.04,0.03,0.03,0.03,0.03,0.03,0.03,0.5,0.0,0.5,0.28,0.28,0.19,0.2,0.17,0.14,0.13,0.11,0.1,0.1,0.04,0.04,0.05,0.04,0.06,0.04,0.06,0.04,0.07,0.07,0.06,0.08,0.07,0.08,0.07,0.1,0.1,0.02,0.02,0.06,0.02,0.05,0.03,0.02,0.02,0.02,0.02,0.02,0.02,0.02,0.02,0.02,0.02,0.03,0.03,0.02,0.03,0.03,0.03,0.02,0.02,0.02,0.02,0.02,0.02,0.02,0.02,0.02
0.05,0.03,0.03,0.03,0.03,0.03,0.03,0.03,0.03,0.03,0.03,0.03,0.02,0.02,0.02,0.02,0.02,0.02,0.02,0.02,0.05,0.05,0.05,0.04,0.05,0.05,0.04,0.04,0.04,0.05,0.04,0.04,0.04,0.04,0.04,0.04,0.03,0.03,0.03,0.03,0.35,0.5,0.0,0.33,0.45,0.28,0.33,0.24,0.19,0.17,0.14,0.12,0.12,0.03,0.04,0.05,0.04,0.05,0.04,0.06,0.04,0.06,0.06,0.05,0.07,0.06,0.07,0.06,0.08,0.08,0.02,0.02,0.05,0.02,0.05,0.03,0.02,0.02,0.02,0.02,0.02,0.02,0.02,0.02,0.02,0.02,0.02,0.03,0.02,0.03,0.03,0.03,0.02,0.02,0.02,0.02,0.02,0.02,0.02,0.02,0.02
0.06,0.03,0.03,0.03,0.03,0.03,0.03,0.03,0.03,0.03,0.03,0.03,0.02,0.02,0.02,0.02,0.02,0.02,0.02,0.02,0.07,0.06,0.06,0.05,0.06,0.05,0.05,0.05,0.04,0.05,0.04,0.04,0.04,0.04,0.04,0.04,0.03,0.03,0.03,0.03,0.19,0.28,0.33,0.0,0.2,0.17,0.24,0.33,0.14,0.2,0.13,0.11,0.12,0.03,0.04,0.05,0.03,0.05,0.03,0.05,0.03,0.06,0.06,0.06,0.06,0.06,0.07,0.07,0.08,0.08,0.02,0.02,0.05,0.02,0.05,0.03,0.02,0.02,0.02,0.02,0.02,0.02,0.02,0.02,0.02,0.02,0.03,0.03,0.02,0.03,0.03,0.03,0.02,0.02,0.02,0.02,0.02,0.02,0.02,0.02,0.02
0.05,0.02,0.02,0.03,0.03,0.03,0.03,0.03,0.03,0.02,0.03,0.03,0.02,0.02,0.02,0.02,0.02,0.02,0.02,0.02,0.05,0.05,0.04,0.04,0.05,0.04,0.04,0.04,0.04,0.04,0.04,0.04,0.04,0.04,0.04,0.04,0.03,0.03,0.03,0.03,0.33,0.28,0.45,0.2,0.0,0.5,0.35,0.19,0.25,0.16,0.16,0.14,0.12,0.04,0.04,0.06,0.04,0.06,0.04,0.06,0.04,0.06,0.05,0.05,0.06,0.05,0.06,0.06,0.08,0.07,0.02,0.02,0.05,0.02,0.05,0.03,0.02,0.02,0.02,0.02,0.02,0.02,0.02,0.02,0.02,0.02,0.02,0.02,0.02,0.02,0.03,0.02,0.02,0.02,0.02,0.02,0.02,0.02,0.02,0.02,0.02
0.04,0.02,0.02,0.03,0.03,0.03,0.02,0.03,0.03,0.02,0.03,0.03,0.02,0.02,0.02,0.02,0.02,0.02,0.02,0.02,0.05,0.05,0.05,0.04,0.05,0.04,0.04,0.04,0.04,0.04,0.04,0.05,0.04,0.04,0.04,0.04,0.03,0.03,0.03,0.03,0.2,0.19,0.28,0.17,0.5,0.0,0.5,0.2,0.5,0.19,0.22,0.2,0.14,0.03,0.04,0.05,0.04,0.06,0.04,0.06,0.04,0.05,0.05,0.04,0.06,0.05,0.06,0.05,0.07,0.06,0.02,0.02,0.04,0.02,0.04,0.03,0.02,0.02,0.02,0.02,0.02,0.02,0.02,0.02,0.02,0.02,0.02,0.02,0.02,0.02,0.03,0.02,0.02,0.02,0.02,0.02,0.02,0.02,0.02,0.02,0.02
0.05,0.03,0.02,0.03,0.03,0.03,0.03,0.03,0.03,0.03,0.03,0.03,0.02,0.02,0.02,0.02,0.02,0.02,0.02,0.02,0.06,0.05,0.05,0.04,0.05,0.05,0.04,0.05,0.04,0.05,0.04,0.05,0.05,0.04,0.04,0.04,0.04,0.03,0.03,0.03,0.19,0.2,0.33,0.24,0.35,0.5,0.0,0.33,0.35,0.28,0.25,0.19,0.17,0.03,0.04,0.05,0.03,0.05,0.04,0.05,0.04,0.05,0.05,0.05,0.06,0.05,0.06,0.05,0.07,0.07,0.02,0.02,0.04,0.02,0.04,0.03,0.02,0.02,0.02,0.02,0.02,0.02,0.02,0.02,0.02,0.02,0.02,0.02,0.02,0.02,0.03,0.02,0.02,0.02,0.02,0.02,0.02,0.02,0.02,0.02,0.02
0.06,0.03,0.03,0.03,0.03,0.03,0.03,0.03,0.03,0.03,0.03,0.03,0.02,0.02,0.02,0.02,0.02,0.02,0.02,0.02,0.07,0.06,0.06,0.05,0.06,0.06,0.05,0.05,0.05,0.06,0.04,0.05,0.05,0.04,0.04,0.04,0.04,0.04,0.03,0.03,0.14,0.17,0.24,0.33,0.19,0.2,0.33,0.0,0.19,0.5,0.2,0.14,0.2,0.03,0.04,0.04,0.03,0.04,0.03,0.05,0.03,0.05,0.05,0.05,0.05,0.05,0.06,0.06,0.06,0.07,0.02,0.02,0.04,0.02,0.04,0.03,0.02,0.02,0.02,0.02,0.02,0.02,0.02,0.02,0.02,0.02,0.02,0.02,0.02,0.02,0.03,0.03,0.02,0.02,0.02,0.02,0.02,0.02,0.02,0.02,0.02
0.04,0.02,0.02,0.03,0.02,0.03,0.02,0.03,0.03,0.02,0.03,0.03,0.02,0.02,0.02,0.02,0.02,0.02,0.02,0.02,0.05,0.05,0.05,0.04,0.05,0.05,0.04,0.04,0.04,0.05,0.04,0.05,0.05,0.04,0.04,0.04,0.04,0.04,0.03,0.03,0.14,0.14,0.19,0.14,0.25,0.5,0.35,0.19,0.0,0.2,0.35,0.33,0.17,0.03,0.04,0.05,0.04,0.05,0.04,0.06,0.04,0.05,0.04,0.04,0.05,0.04,0.05,0.05,0.06,0.06,0.01,0.01,0.04,0.02,0.04,0.03,0.02,0.02,0.02,0.02,0.02,0.02,0.02,0.02,0.02,0.02,0.02,0.02,0.02,0.02,0.02,0.02,0.01,0.02,0.02,0.02,0.02,0.02,0.02,0.02,0.02
0.05,0.03,0.03,0.03,0.03,0.03,0.03,0.03,0.03,0.03,0.03,0.03,0.02,0.02,0.02,0.02,0.02,0.02,0.02,0.02,0.07,0.06,0.06,0.05,0.07,0.06,0.05,0.06,0.05,0.06,0.05,0.06,0.05,0.05,0.04,0.04,0.04,0.04,0.04,0.03,0.12,0.13,0.17,0.2,0.16,0.19,0.28,0.5,0.2,0.0,0.28,0.17,0.33,0.03,0.03,0.04,0.03,0.04,0.03,0.04,0.03,0.04,0.05,0.04,0.05,0.05,0.05,0.05,0.06,0.06,0.01,0.01,0.04,0.02,0.04,0.03,0.02,0.02,0.02,0.02,0.02,0.02,0.02,0.02,0.02,0.02,0.02,0.02,0.02,0.02,0.03,0.02,0.02,0.02,0.02,0.02,0.02,0.02,0.02,0.02,0.02
0.04,0.02,0.02,0.03,0.03,0.03,0.03,0.03,0.03,0.03,0.03,0.03,0.02,0.02,0.02,0.02,0.02,0.02,0.02,0.02,0.05,0.05,0.05,0.04,0.06,0.05,0.04,0.05,0.04,0.05,0.04,0.06,0.06,0.05,0.05,0.05,0.04,0.04,0.04,0.03,0.11,0.11,0.14,0.13,0.16,0.22,0.25,0.2,0.35,0.28,0.0,0.45,0.32,0.03,0.04,0.04,0.03,0.05,0.03,0.05,0.04,0.04,0.04,0.04,0.05,0.04,0.05,0.04,0.05,0.05,0.01,0.01,0.04,0.02,0.04,0.03,0.02,0.02,0.02,0.02,0.02,0.02,0.02,0.02,0.02,0.02,0.02,0.02,0.02,0.02,0.02,0.02,0.01,0.02,0.02,0.02,0.02,0.02,0.02,0.02,0.02
0.04,0.02,0.02,0.03,0.02,0.03,0.02,0.03,0.02,0.02,0.03,0.02,0.02,0.02,0.02,0.02,0.02,0.02,0.02,0.02,0.05,0.04,0.05,0.04,0.05,0.05,0.04,0.05,0.04,0.05,0.04,0.06,0.06,0.05,0.04,0.05,0.04,0.04,0.04,0.03,0.1,0.1,0.12,0.11,0.14,0.2,0.19,0.14,0.33,0.17,0.45,0.0,0.2,0.03,0.04,0.04,0.03,0.05,0.04,0.05,0.04,0.04,0.04,0.04,0.04,0.04,0.04,0.04,0.05,0.05,0.01,0.01,0.04,0.01,0.04,0.02,0.02,0.02,0.02,0.02,0.02,0.02,0.02,0.02,0.02,0.02,0.02,0.02,0.02,0.02,0.02,0.02,0.01,0.01,0.02,0.02,0.02,0.02,0.02,0.02,0.02
0.05,0.03,0.02,0.03,0.03,0.03,0.03,0.03,0.03,0.03,0.03,0.03,0.02,0.02,0.02,0.02,0.02,0.02,0.02,0.02,0.06,0.06,0.06,0.05,0.07,0.06,0.05,0.06,0.05,0.06,0.05,0.07,0.06,0.06,0.05,0.05,0.04,0.04,0.04,0.04,0.09,0.1,0.12,0.12,0.12,0.14,0.17,0.2,0.17,0.33,0.32,0.2,0.0,0.03,0.03,0.04,0.03,0.04,0.03,0.04,0.03,0.04,0.04,0.04,0.04,0.04,0.05,0.04,0.05,0.05,0.01,0.01,0.04,0.01,0.04,0.03,0.02,0.02,0.02,0.02,0.02,0.02,0.02,0.02,0.02,0.02,0.02,0.02,0.02,0.02,0.02,0.02,0.02,0.02,0.02,0.02,0.02,0.02,0.02,0.02,0.02
0.02,0.02,0.02,0.02,0.02,0.02,0.02,0.02,0.02,0.02,0.02,0.02,0.01,0.01,0.01,0.01,0.01,0.01,0.01,0.01,0.02,0.02,0.02,0.02,0.02,0.02,0.02,0.02,0.02,0.02,0.02,0.02,0.02,0.02,0.02,0.02,0.02,0.02,0.02,0.02,0.04,0.04,0.03,0.03,0.04,0.03,0.03,0.03,0.03,0.03,0.03,0.03,0.03,0.0,0.19,0.1,0.25,0.09,0.17,0.09,0.11,0.04,0.03,0.03,0.04,0.03,0.03,0.03,0.04,0.03,0.02,0.02,0.04,0.02,0.03,0.02,0.02,0.02,0.02,0.02,0.02,0.02,0.02,0.02,0.02,0.02,0.02,0.02,0.02,0.02,0.02,0.02,0.01,0.01,0.01,0.01,0.01,0.01,0.01,0.01,0.01
0.02,0.02,0.02,0.02,0.02,0.02,0.02,0.02,0.02,0.02,0.02,0.02,0.01,0.01,0.01,0.01,0.01,0.01,0.01,0.01,0.02,0.02,0.02,0.02,0.02,0.02,0.02,0.02,0.02,0.02,0.02,0.02,0.02,0.02,0.02,0.02,0.02,0.02,0.02,0.02,0.05,0.04,0.04,0.04,0.04,0.04,0.04,0.04,0.04,0.03,0.04,0.04,0.03,0.19,0.0,0.2,0.19,0.19,0.16,0.16,0.12,0.05,0.04,0.03,0.05,0.03,0.04,0.03,0.05,0.04,0.02,0.02,0.04,0.02,0.04,0.02,0.02,0.02,0.02,0.02,0.02,0.02,0.02,0.02,0.02,0.02,0.02,0.02,0.02,0.02,0.02,0.02,0.01,0.01,0.01,0.01,0.01,0.01,0.01,0.01,0.01
0.03,0.02,0.02,0.02,0.02,0.02,0.02,0.02,0.02,0.02,0.02,0.02,0.01,0.02,0.01,0.01,0.01,0.02,0.02,0.01,0.03,0.03,0.03,0.02,0.03,0.02,0.02,0.02,0.02,0.02,0.02,0.03,0.02,0.02,0.02,0.02,0.02,0.02,0.02,0.02,0.06,0.05,0.05,0.05,0.06,0.05,0.05,0.04,0.05,0.04,0.04,0.04,0.04,0.1,0.2,0.0,0.1,0.5,0.09,0.25,0.08,0.06,0.05,0.04,0.06,0.04,0.05,0.04,0.07,0.05,0.02,0.02,0.05,0.02,0.04,0.02,0.02,0.02,0.02,0.02,0.02,0.02,0.02,0.02,0.02,0.02,0.02,0.02,0.02,0.02,0.02,0.02,0.01,0.01,0.01,0.01,0.01,0.01,0.02,0.02,0.01
0.02,0.02,0.02,0.02,0.02,0.02,0.02,0.02,0.02,0.02,0.02,0.02,0.01,0.01,0.01,0.01,0.01,0.01,0.01,0.01,0.02,0.02,0.02,0.02,0.02,0.02,0.02,0.02,0.02,0.02,0.02,0.02,0.02,0.02,0.02,0.02,0.02,0.02,0.02,0.02,0.04,0.04,0.04,0.03,0.04,0.04,0.03,0.03,0.04,0.03,0.03,0.03,0.03,0.25,0.19,0.1,0.0,0.1,0.5,0.1,0.2,0.04,0.03,0.03,0.04,0.03,0.03,0.03,0.04,0.03,0.02,0.02,0.04,0.02,0.03,0.02,0.02,0.02,0.02,0.02,0.02,0.02,0.02,0.02,0.02,0.02,0.02,0.02,0.02,0.02,0.02,0.02,0.01,0.01,0.01,0.01,0.01,0.01,0.01,0.01,0.01
0.03,0.02,0.02,0.02,0.02,0.02,0.02,0.02,0.02,0.02,0.02,0.02,0.01,0.02,0.01,0.01,0.01,0.02,0.02,0.01,0.03,0.03,0.03,0.02,0.03,0.03,0.02,0.02,0.02,0.02,0.02,0.03,0.03,0.02,0.02,0.02,0.02,0.02,0.02,0.02,0.06,0.06,0.05,0.05,0.06,0.06,0.05,0.04,0.05,0.04,0.05,0.05,0.04,0.09,0.19,0.5,0.1,0.0,0.1,0.5,0.09,0.06,0.04,0.04,0.06,0.04,0.05,0.04,0.06,0.05,0.02,0.02,0.05,0.02,0.04,0.02,0.02,0.02,0.02,0.02,0.02,0.02,0.02,0.02,0.02,0.02,0.02,0.02,0.02,0.02,0.02,0.02,0.01,0.01,0.01,0.01,0.01,0.01,0.02,0.01,0.01
0.02,0.02,0.02,0.02,0.02,0.02,0.02,0.02,0.02,0.02,0.02,0.02,0.01,0.01,0.01,0.01,0.01,0.01,0.01,0.01,0.02,0.02,0.02,0.02,0.02,0.02,0.02,0.02,0.02,0.02,0.02,0.02,0.02,0.02,0.02,0.02,0.02,0.02,0.02,0.02,0.04,0.04,0.04,0.03,0.04,0.04,0.04,0.03,0.04,0.03,0.03,0.04,0.03,0.17,0.16,0.09,0.5,0.1,0.0,0.1,0.33,0.04,0.03,0.03,0.04,0.03,0.03,0.03,0.04,0.03,0.02,0.02,0.03,0.02,0.03,0.02,0.02,0.02,0.02,0.02,0.02,0.02,0.02,0.02,0.02,0.02,0.02,0.02,0.02,0.02,0.02,0.02,0.01,0.01,0.01,0.01,0.01,0.01,0.01,0.01,0.01
0.03,0.02,0.02,0.02,0.02,0.02,0.02,0.02,0.02,0.02,0.02,0.02,0.01,0.02,0.01,0.01,0.01,0.02,0.02,0.01,0.03,0.03,0.03,0.02,0.03,0.03,0.02,0.03,0.02,0.03,0.02,0.03,0.03,0.03,0.02,0.03,0.02,0.02,0.02,0.02,0.07,0.06,0.06,0.05,0.06,0.06,0.05,0.05,0.06,0.04,0.05,0.05,0.04,0.09,0.16,0.25,0.1,0.5,0.1,0.0,0.1,0.05,0.04,0.04,0.06,0.04,0.05,0.04,0.06,0.05,0.02,0.02,0.05,0.02,0.04,0.02,0.02,0.02,0.02,0.02,0.02,0.02,0.02,0.02,0.02,0.02,0.02,0.02,0.02,0.02,0.02,0.02,0.01,0.01,0.01,0.01,0.01,0.01,0.02,0.01,0.01
0.02,0.02,0.02,0.02,0.02,0.02,0.02,0.02,0.02,0.02,0.02,0.02,0.01,0.01,0.01,0.01,0.01,0.01,0.01,0.01,0.02,0.02,0.02,0.02,0.02,0.02,0.02,0.02,0.02,0.02,0.02,0.03,0.02,0.02,0.02,0.02,0.02,0.02,0.02,0.02,0.04,0.04,0.04,0.03,0.04,0.04,0.04,0.03,0.04,0.03,0.04,0.04,0.03,0.11,0.12,0.08,0.2,0.09,0.33,0.1,0.0,0.03,0.03,0.03,0.04,0.03,0.03,0.03,0.04,0.03,0.02,0.01,0.03,0.02,0.03,0.02,0.02,0.02,0.02,0.02,0.02,0.02,0.02,0.02,0.02,0.02,0.02,0.02,0.02,0.02,0.02,0.02,0.01,0.01,0.01,0.01,0.01,0.01,0.01,0.01,0.01
0.04,0.03,0.02,0.03,0.03,0.03,0.02,0.03,0.03,0.02,0.03,0.02,0.02,0.02,0.02,0.02,0.02,0.02,0.02,0.02,0.04,0.03,0.03,0.03,0.03,0.03,0.03,0.03,0.03,0.03,0.03,0.02,0.02,0.02,0.02,0.02,0.02,0.02,0.02,0.02,0.07,0.07,0.06,0.06,0.06,0.05,0.05,0.05,0.05,0.04,0.04,0.04,0.04,0.04,0.05,0.06,0.04,0.06,0.04,0.05,0.03,0.0,0.2,0.1,0.5,0.1,0.17,0.1,0.2,0.14,0.02,0.02,0.33,0.02,0.17,0.03,0.02,0.03,0.03,0.03,0.03,0.03,0.03,0.03,0.03,0.03,0.03,0.03,0.03,0.03,0.04,0.03,0.02,0.02,0.02,0.02,0.02,0.02,0.02,0.02,0.02
0.06,0.03,0.03,0.03,0.03,0.03,0.03,0.03,0.03,0.03,0.03,0.03,0.02,0.02,0.02,0.02,0.02,0.02,0.02,0.02,0.04,0.04,0.04,0.03,0.03,0.03,0.03,0.03,0.03,0.03,0.03,0.03,0.02,0.02,0.02,0.02,0.02,0.02,0.02,0.02,0.06,0.07,0.06,0.06,0.05,0.05,0.05,0.05,0.04,0.05,0.04,0.04,0.04,0.03,0.04,0.05,0.03,0.04,0.03,0.04,0.03,0.2,0.0,0.2,0.19,0.19,0.33,0.17,0.14,0.2,0.02,0.02,0.17,0.02,0.33,0.03,0.03,0.03,0.03,0.03,0.03,0.03,0.03,0.03,0.03,0.03,0.04,0.04,0.03,0.04,0.04,0.04,0.02,0.02,0.02,0.02,0.02,0.02,0.02,0.02,0.02
0.07,0.04,0.03,0.04,0.03,0.04,0.03,0.04,0.03,0.03,0.03,0.03,0.02,0.02,0.02,0.02,0.02,0.02,0.02,0.02,0.04,0.04,0.04,0.04,0.04,0.04,0.03,0.03,0.03,0.03,0.03,0.02,0.03,0.02,0.02,0.02,0.02,0.02,0.02,0.02,0.06,0.06,0.05,0.06,0.05,0.04,0.05,0.05,0.04,0.04,0.04,0.04,0.04,0.03,0.03,0.04,0.03,0.04,0.03,0.04,0.03,0.1,0.2,0.0,0.1,0.5,0.17,0.33,0.09,0.14,0.02,0.02,0.1,0.02,0.17,0.04,0.02,0.03,0.03,0.03,0.03,0.03,0.03,0.04,0.04,0.04,0.05,0.05,0.04,0.05,0.06,0.04,0.02,0.02,0.02,0.02,0.02,0.02,0.03,0.02,0.02
0.05,0.03,0.02,0.03,0.03,0.03,0.03,0.03,0.03,0.02,0.03,0.02,0.02,0.02,0.02,0.02,0.02,0.02,0.02,0.02,0.04,0.04,0.03,0.03,0.03,0.03,0.03,0.03,0.03,0.03,0.03,0.03,0.03,0.02,0.02,0.02,0.02,0.02,0.02,0.02,0.08,0.08,0.07,0.06,0.06,0.06,0.06,0.05,0.05,0.05,0.05,0.04,0.04,0.04,0.05,0.06,0.04,0.06,0.04,0.06,0.04,0.5,0.19,0.1,0.0,0.1,0.2,0.1,0.33,0.17,0.02,0.02,0.2,0.02,0.14,0.03,0.02,0.03,0.02,0.03,0.03,0.03,0.03,0.03,0.03,0.03,0.03,0.03,0.03,0.03,0.04,0.03,0.02,0.02,0.02,0.02,0.02,0.02,0.02,0.02,0.02
0.08,0.04,0.03,0.04,0.03,0.04,0.03,0.04,0.03,0.03,0.03,0.03,0.02,0.02,0.02,0.02,0.02,0.02,0.02,0.02,0.05,0.05,0.04,0.04,0.04,0.04,0.04,0.04,0.03,0.03,0.03,0.03,0.03,0.03,0.02,0.02,0.02,0.02,0.02,0.02,0.06,0.07,0.06,0.06,0.05,0.05,0.05,0.05,0.04,0.05,0.04,0.04,0.04,0.03,0.03,0.04,0.03,0.04,0.03,0.04,0.03,0.1,0.19,0.5,0.1,0.0,0.2,1.0,0.1,0.17,0.02,0.02,0.09,0.02,0.14,0.04,0.02,0.02,0.02,0.02,0.03,0.03,0.03,0.04,0.04,0.04,0.04,0.04,0.04,0.04,0.05,0.04,0.02,0.02,0.02,0.02,0.02,0.02,0.03,0.02,0.02
0.06,0.03,0.03,0.03,0.03,0.03,0.03,0.03,0.03,0.03,0.03,0.03,0.02,0.02,0.02,0.02,0.02,0.02,0.02,0.02,0.04,0.04,0.04,0.04,0.04,0.04,0.03,0.03,0.03,0.03,0.03,0.03,0.03,0.03,0.02,0.02,0.02,0.02,0.02,0.02,0.08,0.08,0.07,0.07,0.06,0.06,0.06,0.06,0.05,0.05,0.05,0.04,0.05,0.03,0.04,0.05,0.03,0.05,0.03,0.05,0.03,0.17,0.33,0.17,0.2,0.2,0.0,0.2,0.19,0.5,0.02,0.02,0.13,0.02,0.17,0.03,0.02,0.02,0.02,0.02,0.03,0.03,0.03,0.03,0.03,0.03,0.04,0.04,0.03,0.04,0.04,0.04,0.02,0.02,0.02,0.02,0.02,0.02,0.02,0.02,0.02
0.08,0.04,0.03,0.04,0.04,0.04,0.03,0.04,0.03,0.03,0.03,0.03,0.02,0.02,0.02,0.02,0.02,0.02,0.02,0.02,0.05,0.05,0.04,0.04,0.04,0.04,0.04,0.04,0.04,0.03,0.03,0.03,0.03,0.03,0.03,0.02,0.02,0.02,0.02,0.02,0.06,0.07,0.06,0.07,0.06,0.05,0.05,0.06,0.05,0.05,0.04,0.04,0.04,0.03,0.03,0.04,0.03,0.04,0.03,0.04,0.03,0.1,0.17,0.33,0.1,1.0,0.2,0.0,0.1,0.19,0.02,0.02,0.09,0.02,0.13,0.04,0.02,0.02,0.02,0.02,0.02,0.03,0.03,0.03,0.03,0.03,0.04,0.04,0.04,0.04,0.05,0.04,0.02,0.02,0.02,0.02,0.02,0.02,0.03,0.02,0.02
0.05,0.03,0.03,0.03,0.03,0.03,0.03,0.03,0.03,0.02,0.03,0.02,0.02,0.02,0.02,0.02,0.02,0.02,0.02,0.02,0.04,0.04,0.04,0.03,0.04,0.03,0.03,0.03,0.03,0.03,0.03,0.03,0.03,0.03,0.03,0.02,0.02,0.02,0.02,0.02,0.1,0.1,0.08,0.08,0.08,0.07,0.07,0.06,0.06,0.06,0.05,0.05,0.05,0.04,0.05,0.07,0.04,0.06,0.04,0.06,0.04,0.2,0.14,0.09,0.33,0.1,0.19,0.1,0.0,0.2,0.02,0.02,0.12,0.02,0.11,0.03,0.02,0.02,0.02,0.02,0.02,0.02,0.03,0.03,0.03,0.03,0.03,0.03,0.03,0.03,0.03,0.03,0.02,0.02,0.02,0.02,0.02,0.02,0.02,0.02,0.02
0.06,0.03,0.03,0.03,0.03,0.03,0.03,0.03,0.03,0.03,0.03,0.03,0.02,0.02,0.02,0.02,0.02,0.02,0.02,0.02,0.05,0.04,0.04,0.04,0.04,0.04,0.04,0.04,0.03,0.03,0.03,0.03,0.03,0.03,0.03,0.03,0.02,0.02,0.02,0.02,0.09,0.1,0.08,0.08,0.07,0.06,0.07,0.07,0.06,0.06,0.05,0.05,0.05,0.03,0.04,0.05,0.03,0.05,0.03,0.05,0.03,0.14,0.2,0.14,0.17,0.17,0.5,0.19,0.2,0.0,0.02,0.02,0.11,0.02,0.12,0.03,0.02,0.02,0.02,0.02,0.02,0.03,0.03,0.03,0.03,0.03,0.03,0.04,0.03,0.03,0.04,0.03,0.02,0.02,0.02,0.02,0.02,0.02,0.02,0.02,0.02
0.02,0.02,0.02,0.02,0.02,0.02,0.01,0.02,0.01,0.01,0.01,0.01,0.01,0.01,0.01,0.01,0.01,0.01,0.01,0.01,0.01,0.01,0.01,0.01,0.01,0.01,0.01,0.01,0.01,0.01,0.01,0.01,0.01,0.01,0.01,0.01,0.01,0.01,0.01,0.01,0.02,0.02,0.02,0.02,0.02,0.02,0.02,0.02,0.01,0.01,0.01,0.01,0.01,0.02,0.02,0.02,0.02,0.02,0.02,0.02,0.02,0.02,0.02,0.02,0.02,0.02,0.02,0.02,0.02,0.02,0.0,0.2,0.02,0.33,0.02,0.02,0.14,0.14,0.12,0.12,0.09,0.09,0.03,0.03,0.03,0.02,0.03,0.03,0.02,0.02,0.02,0.02,0.02,0.02,0.02,0.02,0.02,0.02,0.02,0.02,0.01
0.02,0.02,0.02,0.02,0.02,0.02,0.02,0.02,0.02,0.01,0.01,0.01,0.01,0.01,0.01,0.01,0.01,0.01,0.01,0.01,0.01,0.01,0.01,0.01,0.01,0.01,0.01,0.01,0.01,0.01,0.01,0.01,0.01,0.01,0.01,0.01,0.01,0.01,0.01,0.01,0.02,0.02,0.02,0.02,0.02,0.02,0.02,0.02,0.01,0.01,0.01,0.01,0.01,0.02,0.02,0.02,0.02,0.02,0.02,0.02,0.01,0.02,0.02,0.02,0.02,0.02,0.02,0.02,0.02,0.02,0.2,0.0,0.02,0.17,0.02,0.02,0.2,0.12,0.14,0.11,0.07,0.1,0.04,0.03,0.03,0.03,0.03,0.03,0.03,0.03,0.02,0.02,0.02,0.02,0.02,0.02,0.02,0.02,0.02,0.02,0.02
0.04,0.03,0.02,0.03,0.03,0.03,0.02,0.03,0.02,0.02,0.02,0.02,0.02,0.02,0.02,0.02,0.02,0.02,0.02,0.02,0.03,0.03,0.03,0.03,0.03,0.03,0.03,0.03,0.03,0.03,0.02,0.02,0.02,0.02,0.02,0.02,0.02,0.02,0.02,0.02,0.06,0.06,0.05,0.05,0.05,0.04,0.04,0.04,0.04,0.04,0.04,0.04,0.04,0.04,0.04,0.05,0.04,0.05,0.03,0.05,0.03,0.33,0.17,0.1,0.2,0.09,0.13,0.09,0.12,0.11,0.02,0.02,0.0,0.03,0.2,0.03,0.03,0.03,0.03,0.03,0.03,0.03,0.03,0.03,0.03,0.03,0.04,0.04,0.03,0.03,0.04,0.03,0.02,0.02,0.02,0.02,0.02,0.02,0.02,0.02,0.02
0.02,0.02,0.02,0.02,0.02,0.02,0.02,0.02,0.02,0.01,0.01,0.01,0.01,0.01,0.01,0.01,0.01,0.01,0.01,0.01,0.02,0.02,0.01,0.01,0.01,0.01,0.01,0.01,0.01,0.01,0.01,0.01,0.01,0.01,0.01,0.01,0.01,0.01,0.01,0.01,0.02,0.02,0.02,0.02,0.02,0.02,0.02,0.02,0.02,0.02,0.02,0.01,0.01,0.02,0.02,0.02,0.02,0.02,0.02,0.02,0.02,0.02,0.02,0.02,0.02,0.02,0.02,0.02,0.02,0.02,0.33,0.17,0.03,0.0,0.03,0.02,0.19,0.25,0.16,0.2,0.12,0.12,0.03,0.03,0.03,0.03,0.03,0.03,0.02,0.02,0.02,0.02,0.02,0.02,0.02,0.02,0.02,0.02,0.02,0.02,0.02
0.05,0.03,0.03,0.03,0.03,0.03,0.03,0.03,0.03,0.03,0.03,0.03,0.02,0.02,0.02,0.02,0.02,0.02,0.02,0.02,0.04,0.03,0.03,0.03,0.03,0.03,0.03,0.03,0.03,0.03,0.03,0.02,0.02,0.02,0.02,0.02,0.02,0.02,0.02,0.02,0.05,0.05,0.05,0.05,0.05,0.04,0.04,0.04,0.04,0.04,0.04,0.04,0.04,0.03,0.04,0.04,0.03,0.04,0.03,0.04,0.03,0.17,0.33,0.17,0.14,0.14,0.17,0.13,0.11,0.12,0.02,0.02,0.2,0.03,0.0,0.03,0.03,0.03,0.03,0.03,0.03,0.03,0.03,0.04,0.03,0.03,0.04,0.04,0.04,0.04,0.05,0.04,0.02,0.02,0.02,0.02,0.02,0.02,0.02,0.02,0.02
0.06,0.33,0.2,0.32,0.24,0.33,0.16,0.2,0.13,0.12,0.1,0.09,0.04,0.04,0.03,0.03,0.03,0.03,0.03,0.03,0.05,0.05,0.05,0.05,0.04,0.04,0.04,0.04,0.04,0.03,0.04,0.02,0.02,0.02,0.02,0.02,0.02,0.02,0.02,0.02,0.03,0.03,0.03,0.03,0.03,0.03,0.03,0.03,0.03,0.03,0.03,0.02,0.03,0.02,0.02,0.02,0.02,0.02,0.02,0.02,0.02,0.03,0.03,0.04,0.03,0.04,0.03,0.04,0.03,0.03,0.02,0.02,0.03,0.02,0.03,0.0,0.02,0.02,0.02,0.02,0.02,0.02,0.03,0.03,0.04,0.04,0.04,0.04,0.05,0.05,0.06,0.06,0.03,0.04,0.04,0.04,0.05,0.04,0.06,0.06,0.04
0.02,0.02,0.02,0.02,0.02,0.02,0.02,0.02,0.02,0.02,0.02,0.02,0.01,0.01,0.01,0.01,0.01,0.01,0.01,0.01,0.02,0.02,0.02,0.02,0.01,0.01,0.01,0.01,0.01,0.01,0.01,0.01,0.01,0.01,0.01,0.01,0.01,0.01,0.01,0.01,0.02,0.02,0.02,0.02,0.02,0.02,0.02,0.02,0.02,0.02,0.02,0.02,0.02,0.02,0.02,0.02,0.02,0.02,0.02,0.02,0.02,0.02,0.03,0.02,0.02,0.02,0.02,0.02,0.02,0.02,0.14,0.2,0.03,0.19,0.03,0.02,0.0,0.19,0.5,0.17,0.09,0.2,0.04,0.04,0.03,0.03,0.03,0.03,0.03,0.03,0.03,0.03,0.02,0.02,0.02,0.02,0.02,0.02,0.02,0.02,0.02
0.02,0.02,0.02,0.02,0.02,0.02,0.02,0.02,0.02,0.02,0.02,0.02,0.01,0.01,0.01,0.01,0.01,0.01,0.01,0.01,0.02,0.02,0.02,0.02,0.02,0.01,0.01,0.01,0.01,0.01,0.01,0.01,0.01,0.01,0.01,0.01,0.01,0.01,0.01,0.01,0.02,0.02,0.02,0.02,0.02,0.02,0.02,0.02,0.02,0.02,0.02,0.02,0.02,0.02,0.02,0.02,0.02,0.02,0.02,0.02,0.02,0.03,0.03,0.03,0.03,0.02,0.02,0.02,0.02,0.02,0.14,0.12,0.03,0.25,0.03,0.02,0.19,0.0,0.2,1.0,0.17,0.17,0.04,0.03,0.03,0.03,0.03,0.03,0.03,0.03,0.03,0.02,0.02,0.02,0.02,0.02,0.02,0.02,0.02,0.02,0.02
0.02,0.02,0.02,0.02,0.02,0.02,0.02,0.02,0.02,0.02,0.02,0.02,0.01,0.01,0.01,0.01,0.01,0.01,0.01,0.01,0.02,0.02,0.02,0.02,0.02,0.02,0.02,0.01,0.01,0.01,0.01,0.01,0.01,0.01,0.01,0.01,0.01,0.01,0.01,0.01,0.02,0.02,0.02,0.02,0.02,0.02,0.02,0.02,0.02,0.02,0.02,0.02,0.02,0.02,0.02,0.02,0.02,0.02,0.02,0.02,0.02,0.03,0.03,0.03,0.02,0.02,0.02,0.02,0.02,0.02,0.12,0.14,0.03,0.16,0.03,0.02,0.5,0.2,0.0,0.2,0.1,0.33,0.04,0.04,0.03,0.03,0.03,0.03,0.03,0.03,0.03,0.03,0.02,0.02,0.02,0.02,0.02,0.02,0.02,0.02,0.02
0.02,0.02,0.02,0.02,0.02,0.02,0.02,0.02,0.02,0.02,0.02,0.02,0.01,0.01,0.01,0.01,0.01,0.01,0.01,0.01,0.02,0.02,0.02,0.02,0.02,0.02,0.01,0.01,0.01,0.01,0.01,0.01,0.01,0.01,0.01,0.01,0.01,0.01,0.01,0.01,0.02,0.02,0.02,0.02,0.02,0.02,0.02,0.02,0.02,0.02,0.02,0.02,0.02,0.02,0.02,0.02,0.02,0.02,0.02,0.02,0.02,0.03,0.03,0.03,0.03,0.02,0.02,0.02,0.02,0.02,0.12,0.11,0.03,0.2,0.03,0.02,0.17,1.0,0.2,0.0,0.19,0.19,0.04,0.03,0.03,0.03,0.03,0.03,0.03,0.03,0.03,0.02,0.02,0.02,0.02,0.02,0.02,0.02,0.02,0.02,0.02
0.02,0.02,0.02,0.02,0.02,0.02,0.02,0.02,0.02,0.02,0.02,0.02,0.01,0.01,0.01,0.01,0.01,0.01,0.01,0.01,0.02,0.02,0.02,0.02,0.02,0.02,0.01,0.01,0.01,0.01,0.01,0.01,0.01,0.01,0.01,0.01,0.01,0.01,0.01,0.01,0.02,0.02,0.02,0.02,0.02,0.02,0.02,0.02,0.02,0.02,0.02,0.02,0.02,0.02,0.02,0.02,0.02,0.02,0.02,0.02,0.02,0.03,0.03,0.03,0.03,0.03,0.03,0.02,0.02,0.02,0.09,0.07,0.03,0.12,0.03,0.02,0.09,0.17,0.1,0.19,0.0,0.1,0.03,0.03,0.03,0.03,0.03,0.03,0.02,0.03,0.03,0.02,0.02,0.02,0.02,0.02,0.02,0.02,0.02,0.02,0.01
0.02,0.02,0.02,0.02,0.02,0.02,0.02,0.02,0.02,0.02,0.02,0.02,0.01,0.01,0.01,0.01,0.01,0.01,0.01,0.01,0.02,0.02,0.02,0.02,0.02,0.02,0.02,0.02,0.02,0.01,0.01,0.01,0.01,0.01,0.01,0.01,0.01,0.01,0.01,0.01,0.02,0.02,0.02,0.02,0.02,0.02,0.02,0.02,0.02,0.02,0.02,0.02,0.02,0.02,0.02,0.02,0.02,0.02,0.02,0.02,0.02,0.03,0.03,0.03,0.03,0.03,0.03,0.03,0.02,0.03,0.09,0.1,0.03,0.12,0.03,0.02,0.2,0.17,0.33,0.19,0.1,0.0,0.04,0.04,0.04,0.03,0.04,0.04,0.03,0.03,0.03,0.03,0.02,0.02,0.02,0.02,0.02,0.02,0.02,0.02,0.02
0.03,0.03,0.03,0.03,0.03,0.03,0.03,0.03,0.03,0.03,0.02,0.02,0.02,0.02,0.02,0.02,0.02,0.02,0.02,0.02,0.02,0.02,0.02,0.02,0.02,0.02,0.02,0.02,0.02,0.02,0.02,0.01,0.01,0.01,0.01,0.01,0.01,0.01,0.01,0.01,0.02,0.02,0.02,0.02,0.02,0.02,0.02,0.02,0.02,0.02,0.02,0.02,0.02,0.02,0.02,0.02,0.02,0.02,0.02,0.02,0.02,0.03,0.03,0.03,0.03,0.03,0.03,0.03,0.03,0.03,0.03,0.04,0.03,0.03,0.03,0.03,0.04,0.04,0.04,0.04,0.03,0.04,0.0,0.33,0.17,0.12,0.11,0.1,0.09,0.08,0.07,0.06,0.03,0.03,0.03,0.04,0.03,0.03,0.04,0.03,0.03
0.03,0.03,0.03,0.03,0.03,0.03,0.03,0.03,0.03,0.03,0.03,0.03,0.02,0.02,0.02,0.02,0.02,0.02,0.02,0.02,0.02,0.02,0.02,0.02,0.02,0.02,0.02,0.02,0.02,0.02,0.02,0.02,0.02,0.02,0.02,0.01,0.01,0.01,0.01,0.01,0.02,0.02,0.02,0.02,0.02,0.02,0.02,0.02,0.02,0.02,0.02,0.02,0.02,0.02,0.02,0.02,0.02,0.02,0.02,0.02,0.02,0.03,0.03,0.04,0.03,0.04,0.03,0.03,0.03,0.03,0.03,0.03,0.03,0.03,0.04,0.03,0.04,0.03,0.04,0.03,0.03,0.04,0.33,0.0,0.28,0.16,0.17,0.14,0.12,0.11,0.08,0.08,0.03,0.03,0.04,0.04,0.04,0.03,0.04,0.03,0.03
0.03,0.04,0.04,0.03,0.03,0.03,0.03,0.03,0.03,0.03,0.03,0.03,0.02,0.02,0.02,0.02,0.02,0.02,0.02,0.02,0.02,0.02,0.02,0.02,0.02,0.02,0.02,0.02,0.02,0.02,0.02,0.02,0.02,0.02,0.02,0.01,0.02,0.01,0.01,0.01,0.02,0.02,0.02,0.02,0.02,0.02,0.02,0.02,0.02,0.02,0.02,0.02,0.02,0.02,0.02,0.02,0.02,0.02,0.02,0.02,0.02,0.03,0.03,0.04,0.03,0.04,0.03,0.03,0.03,0.03,0.03,0.03,0.03,0.03,0.03,0.04,0.03,0.03,0.03,0.03,0.03,0.04,0.17,0.28,0.0,0.35,0.2,0.17,0.19,0.14,0.1,0.1,0.04,0.04,0.04,0.04,0.04,0.03,0.05,0.04,0.03
0.03,0.04,0.04,0.04,0.04,0.04,0.03,0.03,0.03,0.03,0.03,0.03,0.02,0.02,0.02,0.02,0.02,0.02,0.02,0.02,0.03,0.03,0.02,0.02,0.02,0.02,0.02,0.02,0.02,0.02,0.02,0.02,0.02,0.02,0.02,0.01,0.02,0.01,0.01,0.01,0.02,0.02,0.02,0.02,0.02,0.02,0.02,0.02,0.02,0.02,0.02,0.02,0.02,0.02,0.02,0.02,0.02,0.02,0.02,0.02,0.02,0.03,0.03,0.04,0.03,0.04,0.03,0.03,0.03,0.03,0.02,0.03,0.03,0.03,0.03,0.04,0.03,0.03,0.03,0.03,0.03,0.03,0.12,0.16,0.35,0.0,0.19,0.17,0.33,0.19,0.11,0.12,0.04,0.04,0.05,0.05,0.05,0.04,0.06,0.04,0.04
0.04,0.04,0.04,0.04,0.04,0.04,0.03,0.04,0.03,0.03,0.03,0.03,0.02,0.02,0.02,0.02,0.02,0.02,0.02,0.02,0.03,0.03,0.03,0.03,0.02,0.02,0.02,0.02,0.02,0.02,0.02,0.02,0.02,0.02,0.02,0.02,0.02,0.02,0.01,0.01,0.03,0.03,0.02,0.03,0.02,0.02,0.02,0.02,0.02,0.02,0.02,0.02,0.02,0.02,0.02,0.02,0.02,0.02,0.02,0.02,0.02,0.03,0.04,0.05,0.03,0.04,0.04,0.04,0.03,0.03,0.03,0.03,0.04,0.03,0.04,0.04,0.03,0.03,0.03,0.03,0.03,0.04,0.11,0.17,0.2,0.19,0.0,1.0,0.2,0.24,0.17,0.13,0.03,0.03,0.04,0.04,0.04,0.03,0.05,0.04,0.03
0.04,0.04,0.04,0.04,0.04,0.04,0.03,0.04,0.03,0.03,0.03,0.03,0.02,0.02,0.02,0.02,0.02,0.02,0.02,0.02,0.03,0.03,0.03,0.03,0.02,0.02,0.03,0.02,0.02,0.02,0.02,0.02,0.02,0.02,0.02,0.02,0.02,0.02,0.01,0.02,0.03,0.03,0.03,0.03,0.02,0.02,0.02,0.02,0.02,0.02,0.02,0.02,0.02,0.02,0.02,0.02,0.02,0.02,0.02,0.02,0.02,0.03,0.04,0.05,0.03,0.04,0.04,0.04,0.03,0.04,0.03,0.03,0.04,0.03,0.04,0.04,0.03,0.03,0.03,0.03,0.03,0.04,0.1,0.14,0.17,0.17,1.0,0.0,0.2,0.28,0.2,0.14,0.03,0.03,0.04,0.04,0.04,0.03,0.05,0.04,0.03
0.04,0.05,0.04,0.04,0.04,0.04,0.04,0.04,0.04,0.03,0.03,0.03,0.02,0.02,0.02,0.02,0.02,0.02,0.02,0.02,0.03,0.03,0.03,0.03,0.02,0.02,0.02,0.02,0.02,0.02,0.02,0.02,0.02,0.02,0.02,0.02,0.02,0.02,0.01,0.01,0.02,0.02,0.02,0.02,0.02,0.02,0.02,0.02,0.02,0.02,0.02,0.02,0.02,0.02,0.02,0.02,0.02,0.02,0.02,0.02,0.02,0.03,0.03,0.04,0.03,0.04,0.03,0.04,0.03,0.03,0.02,0.03,0.03,0.02,0.04,0.05,0.03,0.03,0.03,0.03,0.02,0.03,0.09,0.12,0.19,0.33,0.2,0.2,0.0,0.35,0.14,0.2,0.04,0.04,0.05,0.05,0.05,0.04,0.06,0.04,0.04
0.04,0.05,0.05,0.04,0.04,0.05,0.04,0.04,0.04,0.04,0.03,0.03,0.02,0.02,0.02,0.02,0.02,0.02,0.02,0.02,0.03,0.03,0.03,0.03,0.03,0.03,0.03,0.02,0.02,0.02,0.02,0.02,0.02,0.02,0.02,0.02,0.02,0.02,0.02,0.02,0.03,0.03,0.03,0.03,0.02,0.02,0.02,0.02,0.02,0.02,0.02,0.02,0.02,0.02,0.02,0.02,0.02,0.02,0.02,0.02,0.02,0.03,0.04,0.05,0.03,0.04,0.04,0.04,0.03,0.03,0.02,0.03,0.03,0.02,0.04,0.05,0.03,0.03,0.03,0.03,0.03,0.03,0.08,0.11,0.14,0.19,0.24,0.28,0.35,0.0,0.24,0.28,0.04,0.04,0.04,0.05,0.05,0.04,0.06,0.04,0.04
0.05,0.05,0.05,0.05,0.05,0.05,0.04,0.04,0.04,0.04,0.04,0.03,0.02,0.02,0.02,0.02,0.02,0.02,0.02,0.02,0.03,0.03,0.03,0.03,0.03,0.03,0.03,0.03,0.03,0.02,0.03,0.02,0.02,0.02,0.02,0.02,0.02,0.02,0.02,0.02,0.03,0.03,0.03,0.03,0.03,0.03,0.03,0.03,0.02,0.03,0.02,0.02,0.02,0.02,0.02,0.02,0.02,0.02,0.02,0.02,0.02,0.04,0.04,0.06,0.04,0.05,0.04,0.05,0.03,0.04,0.02,0.02,0.04,0.02,0.05,0.06,0.03,0.03,0.03,0.03,0.03,0.03,0.07,0.08,0.1,0.11,0.17,0.2,0.14,0.24,0.0,0.2,0.03,0.03,0.04,0.04,0.04,0.03,0.05,0.04,0.03
0.04,0.06,0.06,0.05,0.05,0.05,0.05,0.05,0.04,0.04,0.04,0.04,0.02,0.02,0.02,0.02,0.02,0.02,0.02,0.02,0.03,0.03,0.03,0.03,0.03,0.03,0.03,0.03,0.03,0.02,0.02,0.02,0.02,0.02,0.02,0.02,0.02,0.02,0.02,0.02,0.03,0.03,0.03,0.03,0.02,0.02,0.02,0.03,0.02,0.02,0.02,0.02,0.02,0.02,0.02,0.02,0.02,0.02,0.02,0.02,0.02,0.03,0.04,0.04,0.03,0.04,0.04,0.04,0.03,0.03,0.02,0.02,0.03,0.02,0.04,0.06,0.03,0.02,0.03,0.02,0.02,0.03,0.06,0.08,0.1,0.12,0.13,0.14,0.2,0.28,0.2,0.0,0.04,0.04,0.04,0.05,0.05,0.04,0.07,0.05,0.04
0.02,0.04,0.04,0.03,0.03,0.03,0.03,0.03,0.03,0.03,0.03,0.03,0.02,0.02,0.02,0.02,0.02,0.02,0.02,0.02,0.02,0.02,0.02,0.02,0.02,0.02,0.02,0.02,0.02,0.02,0.02,0.01,0.01,0.01,0.01,0.01,0.01,0.01,0.01,0.01,0.02,0.02,0.02,0.02,0.02,0.02,0.02,0.02,0.01,0.02,0.01,0.01,0.02,0.01,0.01,0.01,0.01,0.01,0.01,0.01,0.01,0.02,0.02,0.02,0.02,0.02,0.02,0.02,0.02,0.02,0.02,0.02,0.02,0.02,0.02,0.03,0.02,0.02,0.02,0.02,0.02,0.02,0.03,0.03,0.04,0.04,0.03,0.03,0.04,0.04,0.03,0.04,0.0,0.5,0.28,0.14,0.12,0.14,0.07,0.08,0.08
0.02,0.04,0.04,0.03,0.03,0.03,0.03,0.03,0.03,0.03,0.03,0.03,0.03,0.02,0.02,0.02,0.02,0.02,0.02,0.02,0.02,0.02,0.02,0.02,0.02,0.02,0.02,0.02,0.02,0.02,0.02,0.01,0.01,0.01,0.01,0.01,0.01,0.01,0.01,0.01,0.02,0.02,0.02,0.02,0.02,0.02,0.02,0.02,0.02,0.02,0.02,0.01,0.02,0.01,0.01,0.01,0.01,0.01,0.01,0.01,0.01,0.02,0.02,0.02,0.02,0.02,0.02,0.02,0.02,0.02,0.02,0.02,0.02,0.02,0.02,0.04,0.02,0.02,0.02,0.02,0.02,0.02,0.03,0.03,0.04,0.04,0.03,0.03,0.04,0.04,0.03,0.04,0.5,0.0,0.33,0.17,0.14,0.2,0.08,0.09,0.1
0.02,0.04,0.04,0.04,0.04,0.03,0.04,0.03,0.03,0.03,0.03,0.03,0.02,0.02,0.02,0.02,0.02,0.02,0.02,0.02,0.02,0.02,0.02,0.02,0.02,0.02,0.02,0.02,0.02,0.02,0.02,0.01,0.01,0.01,0.01,0.01,0.01,0.01,0.01,0.01,0.02,0.02,0.02,0.02,0.02,0.02,0.02,0.02,0.02,0.02,0.02,0.02,0.02,0.01,0.01,0.01,0.01,0.01,0.01,0.01,0.01,0.02,0.02,0.02,0.02,0.02,0.02,0.02,0.02,0.02,0.02,0.02,0.02,0.02,0.02,0.04,0.02,0.02,0.02,0.02,0.02,0.02,0.03,0.04,0.04,0.05,0.04,0.04,0.05,0.04,0.04,0.04,0.28,0.33,0.0,0.28,0.19,0.17,0.1,0.1,0.1
0.03,0.05,0.05,0.04,0.04,0.04,0.04,0.04,0.04,0.04,0.03,0.03,0.03,0.02,0.02,0.02,0.02,0.02,0.02,0.02,0.02,0.02,0.02,0.02,0.02,0.02,0.02,0.02,0.02,0.02,0.02,0.01,0.02,0.01,0.02,0.01,0.01,0.01,0.01,0.01,0.02,0.02,0.02,0.02,0.02,0.02,0.02,0.02,0.02,0.02,0.02,0.02,0.02,0.01,0.01,0.01,0.01,0.01,0.01,0.01,0.01,0.02,0.02,0.02,0.02,0.02,0.02,0.02,0.02,0.02,0.02,0.02,0.02,0.02,0.02,0.04,0.02,0.02,0.02,0.02,0.02,0.02,0.04,0.04,0.04,0.05,0.04,0.04,0.05,0.05,0.04,0.05,0.14,0.17,0.28,0.0,0.5,0.19,0.16,0.14,0.12
0.03,0.05,0.06,0.04,0.05,0.04,0.04,0.04,0.04,0.04,0.03,0.04,0.03,0.03,0.03,0.03,0.02,0.02,0.02,0.02,0.02,0.02,0.02,0.02,0.02,0.02,0.02,0.02,0.02,0.02,0.02,0.01,0.02,0.02,0.02,0.01,0.02,0.01,0.01,0.01,0.02,0.02,0.02,0.02,0.02,0.02,0.02,0.02,0.02,0.02,0.02,0.02,0.02,0.01,0.01,0.01,0.01,0.01,0.01,0.01,0.01,0.02,0.02,0.02,0.02,0.02,0.02,0.02,0.02,0.02,0.02,0.02,0.02,0.02,0.02,0.05,0.02,0.02,0.02,0.02,0.02,0.02,0.03,0.04,0.04,0.05,0.04,0.04,0.05,0.05,0.04,0.05,0.12,0.14,0.19,0.5,0.0,0.2,0.19,0.2,0.14
0.02,0.04,0.05,0.04,0.04,0.04,0.04,0.04,0.04,0.04,0.03,0.03,0.03,0.03,0.03,0.02,0.03,0.02,0.02,0.02,0.02,0.02,0.02,0.02,0.02,0.02,0.02,0.02,0.02,0.02,0.02,0.01,0.01,0.01,0.02,0.01,0.01,0.01,0.01,0.01,0.02,0.02,0.02,0.02,0.02,0.02,0.02,0.02,0.02,0.02,0.02,0.02,0.02,0.01,0.01,0.01,0.01,0.01,0.01,0.01,0.01,0.02,0.02,0.02,0.02,0.02,0.02,0.02,0.02,0.02,0.02,0.02,0.02,0.02,0.02,0.04,0.02,0.02,0.02,0.02,0.02,0.02,0.03,0.03,0.03,0.04,0.03,0.03,0.04,0.04,0.03,0.04,0.14,0.2,0.17,0.19,0.2,0.0,0.1,0.14,0.2
0.03,0.07,0.07,0.05,0.06,0.05,0.05,0.05,0.05,0.05,0.04,0.04,0.03,0.03,0.03,0.03,0.03,0.03,0.02,0.02,0.03,0.03,0.03,0.03,0.02,0.02,0.03,0.02,0.02,0.02,0.02,0.02,0.02,0.02,0.02,0.02,0.02,0.02,0.01,0.02,0.02,0.02,0.02,0.02,0.02,0.02,0.02,0.02,0.02,0.02,0.02,0.02,0.02,0.01,0.01,0.02,0.01,0.02,0.01,0.02,0.01,0.02,0.02,0.03,0.02,0.03,0.02,0.03,0.02,0.02,0.02,0.02,0.02,0.02,0.02,0.06,0.02,0.02,0.02,0.02,0.02,0.02,0.04,0.04,0.05,0.06,0.05,0.05,0.06,0.06,0.05,0.07,0.07,0.08,0.1,0.16,0.19,0.1,0.0,0.17,0.1
0.03,0.06,0.07,0.05,0.06,0.05,0.05,0.05,0.05,0.05,0.04,0.04,0.03,0.03,0.03,0.03,0.03,0.03,0.02,0.03,0.03,0.03,0.03,0.03,0.02,0.02,0.03,0.02,0.02,0.02,0.02,0.02,0.02,0.02,0.02,0.01,0.02,0.02,0.01,0.02,0.02,0.02,0.02,0.02,0.02,0.02,0.02,0.02,0.02,0.02,0.02,0.02,0.02,0.01,0.01,0.02,0.01,0.01,0.01,0.01,0.01,0.02,0.02,0.02,0.02,0.02,0.02,0.02,0.02,0.02,0.02,0.02,0.02,0.02,0.02,0.06,0.02,0.02,0.02,0.02,0.02,0.02,0.03,0.03,0.04,0.04,0.04,0.04,0.04,0.04,0.04,0.05,0.08,0.09,0.1,0.14,0.2,0.14,0.17,0.0,0.2
0.03,0.05,0.06,0.04,0.05,0.04,0.05,0.04,0.04,0.04,0.04,0.04,0.03,0.03,0.03,0.03,0.03,0.03,0.02,0.02,0.02,0.02,0.02,0.02,0.02,0.02,0.02,0.02,0.02,0.02,0.02,0.01,0.02,0.02,0.02,0.01,0.02,0.01,0.01,0.01,0.02,0.02,0.02,0.02,0.02,0.02,0.02,0.02,0.02,0.02,0.02,0.02,0.02,0.01,0.01,0.01,0.01,0.01,0.01,0.01,0.01,0.02,0.02,0.02,0.02,0.02,0.02,0.02,0.02,0.02,0.01,0.02,0.02,0.02,0.02,0.04,0.02,0.02,0.02,0.02,0.01,0.02,0.03,0.03,0.03,0.04,0.03,0.03,0.04,0.04,0.03,0.04,0.08,0.1,0.1,0.12,0.14,0.2,0.1,0.2,0.0
